OrganizationLevel,StudentGroup,GradeLevel,Subject,MedianSGP,StudentCount,NumberLowGrowth,NumberTypicalGrowth,NumberHighGrowth,PercentLowGrowth,PercentTypicalGrowth,PercentHighGrowth
State,All Students,4th Grade,English Language Arts,50.0,71659.0,23298.0,24358.0,24003.0,0.325123153,0.339915433,0.334961414
State,All Students,4th Grade,Math,50.0,71512.0,23244.0,24307.0,23961.0,0.325036358,0.339900996,0.335062647
State,All Students,5th Grade,English Language Arts,50.0,71100.0,23107.0,24165.0,23828.0,0.324992968,0.339873418,0.335133615
State,All Students,5th Grade,Math,50.0,70974.0,23058.0,24136.0,23780.0,0.324879533,0.340068194,0.335052273
State,All Students,6th Grade,English Language Arts,50.0,70854.0,23020.0,24088.0,23746.0,0.324893443,0.339966692,0.335139865
State,All Students,6th Grade,Math,50.0,70633.0,22954.0,24028.0,23651.0,0.324975578,0.340180935,0.334843487
State,All Students,7th Grade,English Language Arts,50.0,70394.0,22875.0,23929.0,23590.0,0.324956672,0.339929539,0.335113788
State,All Students,7th Grade,Math,50.0,70036.0,22757.0,23815.0,23464.0,0.324932892,0.340039408,0.3350277
State,All Students,8th Grade,English Language Arts,50.0,71921.0,23389.0,24453.0,24079.0,0.325204043,0.339998053,0.334797903
State,All Students,8th Grade,Math,50.0,71387.0,23197.0,24280.0,23910.0,0.324947119,0.340117949,0.334934932
State,All Students,All Grades,English Language Arts,50.0,355928.0,115689.0,120993.0,119246.0,0.325034839,0.339936729,0.335028433
State,All Students,All Grades,Math,50.0,354542.0,115210.0,120566.0,118766.0,0.324954448,0.340061262,0.33498429
State,English Language Learners,4th Grade,English Language Arts,42.0,11575.0,4581.0,4024.0,2970.0,0.395766739,0.347645788,0.256587473
State,English Language Learners,4th Grade,Math,45.0,11608.0,4361.0,3843.0,3404.0,0.37568918,0.331064783,0.293246037
State,English Language Learners,5th Grade,English Language Arts,40.0,9345.0,3886.0,3227.0,2232.0,0.415837346,0.345318352,0.238844302
State,English Language Learners,5th Grade,Math,44.0,9359.0,3503.0,3179.0,2677.0,0.374292125,0.339673042,0.286034833
State,English Language Learners,6th Grade,English Language Arts,40.0,8268.0,3427.0,2838.0,2003.0,0.414489598,0.343251089,0.242259313
State,English Language Learners,6th Grade,Math,40.0,8269.0,3510.0,2767.0,1992.0,0.424476962,0.334623292,0.240899746
State,English Language Learners,7th Grade,English Language Arts,39.0,7414.0,3161.0,2499.0,1754.0,0.426355544,0.337065012,0.236579444
State,English Language Learners,7th Grade,Math,42.0,7382.0,2947.0,2537.0,1898.0,0.399214305,0.343673801,0.257111894
State,English Language Learners,8th Grade,English Language Arts,39.0,6799.0,2915.0,2344.0,1540.0,0.428739521,0.344756582,0.226503898
State,English Language Learners,8th Grade,Math,40.0,6753.0,2834.0,2314.0,1605.0,0.419665334,0.34266252,0.237672146
State,English Language Learners,All Grades,English Language Arts,40.0,43401.0,17970.0,14932.0,10499.0,0.414045759,0.344047372,0.241906869
State,English Language Learners,All Grades,Math,42.0,43371.0,17155.0,14640.0,11576.0,0.395540799,0.337552743,0.266906458
State,Non-English Language Learners,4th Grade,English Language Arts,52.0,60084.0,18717.0,20334.0,21033.0,0.311513881,0.338426203,0.350059916
State,Non-English Language Learners,4th Grade,Math,51.0,59904.0,18883.0,20464.0,20557.0,0.31522102,0.341613248,0.343165732
State,Non-English Language Learners,5th Grade,English Language Arts,52.0,61755.0,19221.0,20938.0,21596.0,0.311246053,0.33904947,0.349704477
State,Non-English Language Learners,5th Grade,Math,51.0,61615.0,19555.0,20957.0,21103.0,0.317374016,0.340128216,0.342497768
State,Non-English Language Learners,6th Grade,English Language Arts,51.0,62586.0,19593.0,21250.0,21743.0,0.313057233,0.339532803,0.347409964
State,Non-English Language Learners,6th Grade,Math,51.0,62364.0,19444.0,21261.0,21659.0,0.311782439,0.340917837,0.347299724
State,Non-English Language Learners,7th Grade,English Language Arts,51.0,62980.0,19714.0,21430.0,21836.0,0.313020006,0.340266751,0.346713242
State,Non-English Language Learners,7th Grade,Math,51.0,62654.0,19810.0,21278.0,21566.0,0.31618093,0.339611198,0.344207872
State,Non-English Language Learners,8th Grade,English Language Arts,51.0,65122.0,20474.0,22109.0,22539.0,0.314394521,0.339501244,0.346104235
State,Non-English Language Learners,8th Grade,Math,51.0,64634.0,20363.0,21966.0,22305.0,0.315050902,0.33985209,0.345097008
State,Non-English Language Learners,All Grades,English Language Arts,51.0,312527.0,97719.0,106061.0,108747.0,0.312673785,0.339365879,0.347960336
State,Non-English Language Learners,All Grades,Math,51.0,311171.0,98055.0,105926.0,107190.0,0.315116126,0.340410899,0.344472975
State,Foster Care,4th Grade,English Language Arts,43.0,286.0,117.0,102.0,67.0,0.409090909,0.356643357,0.234265734
State,Foster Care,4th Grade,Math,42.0,284.0,121.0,82.0,81.0,0.426056338,0.288732394,0.285211268
State,Foster Care,5th Grade,English Language Arts,49.5,274.0,101.0,80.0,93.0,0.368613139,0.291970803,0.339416058
State,Foster Care,5th Grade,Math,39.0,273.0,112.0,87.0,74.0,0.41025641,0.318681319,0.271062271
State,Foster Care,6th Grade,English Language Arts,38.0,275.0,115.0,92.0,68.0,0.418181818,0.334545455,0.247272727
State,Foster Care,6th Grade,Math,40.0,271.0,114.0,95.0,62.0,0.420664207,0.350553506,0.228782288
State,Foster Care,7th Grade,English Language Arts,37.0,229.0,98.0,71.0,60.0,0.427947598,0.310043668,0.262008734
State,Foster Care,7th Grade,Math,42.0,224.0,85.0,78.0,61.0,0.379464286,0.348214286,0.272321429
State,Foster Care,8th Grade,English Language Arts,38.0,217.0,90.0,75.0,52.0,0.414746544,0.34562212,0.239631336
State,Foster Care,8th Grade,Math,39.5,220.0,99.0,61.0,60.0,0.45,0.277272727,0.272727273
State,Foster Care,All Grades,English Language Arts,41.0,1281.0,521.0,420.0,340.0,0.406713505,0.327868852,0.265417642
State,Foster Care,All Grades,Math,40.0,1272.0,531.0,403.0,338.0,0.41745283,0.316823899,0.26572327
State,Non-Foster Care,4th Grade,English Language Arts,50.0,71373.0,23181.0,24256.0,23936.0,0.324786684,0.339848402,0.335364914
State,Non-Foster Care,4th Grade,Math,50.0,71228.0,23123.0,24225.0,23880.0,0.324633571,0.340105015,0.335261414
State,Non-Foster Care,5th Grade,English Language Arts,50.0,70826.0,23006.0,24085.0,23735.0,0.324824217,0.340058735,0.335117047
State,Non-Foster Care,5th Grade,Math,50.0,70701.0,22946.0,24049.0,23706.0,0.324549865,0.340150776,0.335299359
State,Non-Foster Care,6th Grade,English Language Arts,50.0,70579.0,22905.0,23996.0,23678.0,0.324529959,0.339987815,0.335482226
State,Non-Foster Care,6th Grade,Math,50.0,70362.0,22840.0,23933.0,23589.0,0.324607032,0.340140985,0.335251983
State,Non-Foster Care,7th Grade,English Language Arts,50.0,70165.0,22777.0,23858.0,23530.0,0.324620537,0.340027079,0.335352384
State,Non-Foster Care,7th Grade,Math,50.0,69812.0,22672.0,23737.0,23403.0,0.324757921,0.340013178,0.3352289
State,Non-Foster Care,8th Grade,English Language Arts,50.0,71704.0,23299.0,24378.0,24027.0,0.324933058,0.339981033,0.335085909
State,Non-Foster Care,8th Grade,Math,50.0,71167.0,23098.0,24219.0,23850.0,0.324560541,0.340312223,0.335127236
State,Non-Foster Care,All Grades,English Language Arts,50.0,354647.0,115168.0,120573.0,118906.0,0.324739812,0.339980318,0.33527987
State,Non-Foster Care,All Grades,Math,50.0,353270.0,114679.0,120163.0,118428.0,0.324621394,0.340144932,0.335233674
State,Female,4th Grade,English Language Arts,50.0,35083.0,11306.0,12029.0,11748.0,0.322264345,0.342872616,0.334863039
State,Female,4th Grade,Math,48.0,35005.0,11924.0,12121.0,10960.0,0.340637052,0.346264819,0.313098129
State,Female,5th Grade,English Language Arts,51.0,34743.0,10785.0,11789.0,12169.0,0.310422243,0.339320151,0.350257606
State,Female,5th Grade,Math,50.0,34685.0,11277.0,11926.0,11482.0,0.325126135,0.343837394,0.331036471
State,Female,6th Grade,English Language Arts,53.0,34299.0,10178.0,11788.0,12333.0,0.296743345,0.343683489,0.359573165
State,Female,6th Grade,Math,50.0,34178.0,11050.0,11716.0,11412.0,0.323307391,0.34279361,0.333898999
State,Female,7th Grade,English Language Arts,51.0,33871.0,10610.0,11623.0,11638.0,0.313247321,0.343154911,0.343597768
State,Female,7th Grade,Math,48.0,33674.0,11335.0,11559.0,10780.0,0.336609847,0.343261864,0.320128289
State,Female,8th Grade,English Language Arts,52.0,34371.0,10505.0,11767.0,12099.0,0.305635565,0.342352565,0.35201187
State,Female,8th Grade,Math,51.0,34120.0,10583.0,11741.0,11796.0,0.310169988,0.344109027,0.345720985
State,Female,All Grades,English Language Arts,52.0,172367.0,53384.0,58996.0,59987.0,0.309711256,0.342269692,0.348019052
State,Female,All Grades,Math,49.0,171662.0,56169.0,59063.0,56430.0,0.327206953,0.344065664,0.328727383
State,Gender X,4th Grade,English Language Arts,58.5,90.0,20.0,30.0,40.0,0.222222222,0.333333333,0.444444444
State,Gender X,4th Grade,Math,64.0,91.0,25.0,22.0,44.0,0.274725275,0.241758242,0.483516484
State,Gender X,5th Grade,English Language Arts,41.0,97.0,38.0,29.0,30.0,0.391752577,0.298969072,0.309278351
State,Gender X,5th Grade,Math,46.5,96.0,33.0,32.0,31.0,0.34375,0.333333333,0.322916667
State,Gender X,6th Grade,English Language Arts,51.0,176.0,49.0,70.0,57.0,0.278409091,0.397727273,0.323863636
State,Gender X,6th Grade,Math,49.0,169.0,59.0,58.0,52.0,0.349112426,0.343195266,0.307692308
State,Gender X,7th Grade,English Language Arts,51.0,238.0,75.0,80.0,83.0,0.31512605,0.336134454,0.348739496
State,Gender X,7th Grade,Math,55.0,234.0,74.0,68.0,92.0,0.316239316,0.290598291,0.393162393
State,Gender X,8th Grade,English Language Arts,54.0,353.0,102.0,113.0,138.0,0.288951841,0.320113314,0.390934844
State,Gender X,8th Grade,Math,52.0,339.0,110.0,106.0,123.0,0.324483776,0.312684366,0.362831858
State,Gender X,All Grades,English Language Arts,53.0,954.0,284.0,322.0,348.0,0.29769392,0.337526205,0.364779874
State,Gender X,All Grades,Math,53.0,929.0,301.0,286.0,342.0,0.324004306,0.307857912,0.368137783
State,Male,4th Grade,English Language Arts,50.0,36486.0,11972.0,12299.0,12215.0,0.328125856,0.337088198,0.334785945
State,Male,4th Grade,Math,52.0,36416.0,11295.0,12164.0,12957.0,0.310165861,0.334028998,0.355805141
State,Male,5th Grade,English Language Arts,49.0,36260.0,12284.0,12347.0,11629.0,0.33877551,0.340512962,0.320711528
State,Male,5th Grade,Math,50.0,36193.0,11748.0,12178.0,12267.0,0.324593153,0.336473904,0.338932943
State,Male,6th Grade,English Language Arts,47.0,36379.0,12793.0,12230.0,11356.0,0.351658924,0.336182963,0.312158113
State,Male,6th Grade,Math,50.0,36286.0,11845.0,12254.0,12187.0,0.326434438,0.337706002,0.33585956
State,Male,7th Grade,English Language Arts,49.0,36285.0,12190.0,12226.0,11869.0,0.335951495,0.336943641,0.327104864
State,Male,7th Grade,Math,51.0,36128.0,11348.0,12188.0,12592.0,0.314105403,0.337356067,0.34853853
State,Male,8th Grade,Math,49.0,36928.0,12504.0,12433.0,11991.0,0.338604853,0.336682192,0.324712955
State,Male,8th Grade,English Language Arts,48.0,37197.0,12782.0,12573.0,11842.0,0.343629863,0.33801113,0.318359007
State,Male,All Grades,Math,50.0,181951.0,58740.0,61217.0,61994.0,0.32283417,0.336447725,0.340718105
State,Male,All Grades,English Language Arts,49.0,182607.0,62021.0,61675.0,58911.0,0.339641963,0.337747184,0.322610853
State,Highly Capable,4th Grade,Math,64.0,6694.0,1358.0,2199.0,3137.0,0.20286824,0.328503137,0.468628623
State,Highly Capable,4th Grade,English Language Arts,65.0,6697.0,1285.0,2181.0,3231.0,0.19187696,0.32566821,0.482454831
State,Highly Capable,5th Grade,Math,62.0,7401.0,1630.0,2439.0,3332.0,0.220240508,0.329550061,0.450209431
State,Highly Capable,5th Grade,English Language Arts,64.0,7417.0,1479.0,2431.0,3507.0,0.199406768,0.32776055,0.472832682
State,Highly Capable,6th Grade,Math,64.0,7332.0,1476.0,2371.0,3485.0,0.201309329,0.323376978,0.475313693
State,Highly Capable,6th Grade,English Language Arts,65.0,7307.0,1381.0,2417.0,3509.0,0.188996852,0.330778705,0.480224442
State,Highly Capable,7th Grade,Math,63.0,7569.0,1619.0,2480.0,3470.0,0.213898798,0.327652266,0.458448936
State,Highly Capable,7th Grade,English Language Arts,65.0,7591.0,1509.0,2438.0,3644.0,0.198788038,0.321169806,0.480042155
State,Highly Capable,8th Grade,Math,62.0,7422.0,1687.0,2422.0,3313.0,0.227297224,0.326327136,0.44637564
State,Highly Capable,8th Grade,English Language Arts,64.0,7439.0,1541.0,2360.0,3538.0,0.207151499,0.317246942,0.475601559
State,Highly Capable,All Grades,Math,63.0,36418.0,7770.0,11911.0,16737.0,0.213356033,0.32706354,0.459580427
State,Highly Capable,All Grades,English Language Arts,65.0,36451.0,7195.0,11827.0,17429.0,0.197388275,0.324462978,0.478148748
State,Non-Highly Capable,4th Grade,Math,49.0,64818.0,21886.0,22108.0,20824.0,0.337653121,0.341078096,0.321268783
State,Non-Highly Capable,4th Grade,English Language Arts,48.0,64962.0,22013.0,22177.0,20772.0,0.338859641,0.341384194,0.319756165
State,Non-Highly Capable,5th Grade,Math,49.0,63573.0,21428.0,21697.0,20448.0,0.337061331,0.341292687,0.321645982
State,Non-Highly Capable,5th Grade,English Language Arts,48.0,63683.0,21628.0,21734.0,20321.0,0.339619679,0.341284173,0.319096148
State,Non-Highly Capable,6th Grade,Math,48.0,63301.0,21478.0,21657.0,20166.0,0.339299537,0.342127297,0.318573166
State,Non-Highly Capable,6th Grade,English Language Arts,48.0,63547.0,21639.0,21671.0,20237.0,0.340519615,0.34102318,0.318457205
State,Non-Highly Capable,7th Grade,Math,48.0,62467.0,21138.0,21335.0,19994.0,0.338386668,0.341540333,0.320072999
State,Non-Highly Capable,7th Grade,English Language Arts,48.0,62803.0,21366.0,21491.0,19946.0,0.340206678,0.342197029,0.317596293
State,Non-Highly Capable,8th Grade,Math,49.0,63965.0,21510.0,21858.0,20597.0,0.336277652,0.341718127,0.322004221
State,Non-Highly Capable,8th Grade,English Language Arts,48.0,64482.0,21848.0,22093.0,20541.0,0.338823237,0.342622747,0.318554015
State,Non-Highly Capable,All Grades,Math,49.0,318124.0,107440.0,108655.0,102029.0,0.337729942,0.341549207,0.320720851
State,Non-Highly Capable,All Grades,English Language Arts,48.0,319477.0,108494.0,109166.0,101817.0,0.339598782,0.34170222,0.318698999
State,Homeless,4th Grade,Math,42.0,2090.0,847.0,649.0,594.0,0.405263158,0.310526316,0.284210526
State,Homeless,4th Grade,English Language Arts,41.5,2116.0,856.0,722.0,538.0,0.404536862,0.34120983,0.254253308
State,Homeless,5th Grade,Math,42.0,2032.0,803.0,645.0,584.0,0.395177165,0.31742126,0.287401575
State,Homeless,5th Grade,English Language Arts,41.0,2034.0,838.0,685.0,511.0,0.411996067,0.336774828,0.251229105
State,Homeless,6th Grade,Math,40.0,1900.0,806.0,625.0,469.0,0.424210526,0.328947368,0.246842105
State,Homeless,6th Grade,English Language Arts,39.0,1930.0,829.0,638.0,463.0,0.429533679,0.330569948,0.239896373
State,Homeless,7th Grade,Math,41.0,1735.0,698.0,606.0,431.0,0.402305476,0.349279539,0.248414986
State,Homeless,7th Grade,English Language Arts,38.0,1756.0,774.0,546.0,436.0,0.440774487,0.310933941,0.248291572
State,Homeless,8th Grade,Math,42.0,1663.0,659.0,555.0,449.0,0.396271798,0.333734215,0.269993987
State,Homeless,8th Grade,English Language Arts,39.0,1687.0,723.0,556.0,408.0,0.428571429,0.329579135,0.241849437
State,Homeless,AddedRow,English Language Arts,,,,,,,,
State,Homeless,AddedRow,Math,,,,,,,,
State,Homeless,All Grades,Math,41.0,9420.0,3813.0,3080.0,2527.0,0.40477707,0.326963907,0.268259023
State,Homeless,All Grades,English Language Arts,40.0,9523.0,4020.0,3147.0,2356.0,0.422135882,0.330463089,0.247401029
State,Non-Homeless,4th Grade,Math,50.0,69422.0,22397.0,23658.0,23367.0,0.322621071,0.340785342,0.336593587
State,Non-Homeless,4th Grade,English Language Arts,50.0,69543.0,22442.0,23636.0,23465.0,0.322706814,0.339876048,0.337417138
State,Non-Homeless,5th Grade,Math,50.0,68942.0,22255.0,23491.0,23196.0,0.322807577,0.340735691,0.336456732
State,Non-Homeless,5th Grade,English Language Arts,50.0,69066.0,22269.0,23480.0,23317.0,0.322430718,0.339964671,0.33760461
State,Non-Homeless,6th Grade,Math,50.0,68733.0,22148.0,23403.0,23182.0,0.322232407,0.340491467,0.337276126
State,Non-Homeless,6th Grade,English Language Arts,50.0,68924.0,22191.0,23450.0,23283.0,0.321963322,0.340229818,0.33780686
State,Non-Homeless,7th Grade,Math,50.0,68301.0,22059.0,23209.0,23033.0,0.322967453,0.339804688,0.337227859
State,Non-Homeless,7th Grade,English Language Arts,50.0,68638.0,22101.0,23383.0,23154.0,0.321993648,0.340671348,0.337335004
State,Non-Homeless,8th Grade,Math,50.0,69724.0,22538.0,23725.0,23461.0,0.323245941,0.340270208,0.336483851
State,Non-Homeless,8th Grade,English Language Arts,50.0,70234.0,22666.0,23897.0,23671.0,0.322721189,0.340248313,0.337030498
State,Non-Homeless,AddedRow,English Language Arts,,,,,,,,
State,Non-Homeless,AddedRow,Math,,,,,,,,
State,Non-Homeless,All Grades,Math,50.0,345122.0,111397.0,117486.0,116239.0,0.322775714,0.34041875,0.336805535
State,Non-Homeless,All Grades,English Language Arts,50.0,346405.0,111669.0,117846.0,116890.0,0.322365439,0.340197168,0.337437393
State,Low-Income,4th Grade,Math,46.0,36894.0,13431.0,12493.0,10970.0,0.364042934,0.338618746,0.297338321
State,Low-Income,4th Grade,English Language Arts,45.0,37043.0,13761.0,12617.0,10665.0,0.371487191,0.340604163,0.287908647
State,Low-Income,5th Grade,Math,46.0,36204.0,12939.0,12371.0,10894.0,0.357391448,0.341702574,0.300905977
State,Low-Income,5th Grade,English Language Arts,45.0,36315.0,13413.0,12375.0,10527.0,0.369351508,0.340768278,0.289880215
State,Low-Income,6th Grade,Math,45.0,36371.0,13442.0,12380.0,10549.0,0.36958016,0.340381073,0.290038767
State,Low-Income,6th Grade,English Language Arts,45.0,36584.0,13465.0,12447.0,10672.0,0.368057074,0.340230702,0.291712224
State,Low-Income,7th Grade,Math,46.0,35418.0,12866.0,12065.0,10487.0,0.363261618,0.340645999,0.296092382
State,Low-Income,7th Grade,English Language Arts,45.0,35674.0,13288.0,12017.0,10369.0,0.372484162,0.336855974,0.290659864
State,Low-Income,8th Grade,Math,46.0,35037.0,12685.0,11975.0,10377.0,0.362045837,0.341781545,0.296172618
State,Low-Income,8th Grade,English Language Arts,45.0,35401.0,13088.0,12021.0,10292.0,0.36970707,0.339566679,0.290726251
State,Low-Income,All Grades,Math,46.0,179924.0,65363.0,61284.0,53277.0,0.363281163,0.34061048,0.296108357
State,Low-Income,All Grades,English Language Arts,45.0,181017.0,67015.0,61477.0,52525.0,0.370213847,0.339620036,0.290166117
State,Non-Low Income,4th Grade,Math,55.0,34618.0,9813.0,11814.0,12991.0,0.283465249,0.341267549,0.375267202
State,Non-Low Income,4th Grade,English Language Arts,55.0,34616.0,9537.0,11741.0,13338.0,0.275508435,0.339178415,0.38531315
State,Non-Low Income,5th Grade,Math,54.0,34770.0,10119.0,11765.0,12886.0,0.291026747,0.338366408,0.370606845
State,Non-Low Income,5th Grade,English Language Arts,55.0,34785.0,9694.0,11790.0,13301.0,0.278683341,0.338939198,0.382377462
State,Non-Low Income,6th Grade,Math,55.0,34262.0,9512.0,11648.0,13102.0,0.277625358,0.339968478,0.382406164
State,Non-Low Income,6th Grade,English Language Arts,55.0,34270.0,9555.0,11641.0,13074.0,0.27881529,0.339684856,0.381499854
State,Non-Low Income,7th Grade,Math,54.0,34618.0,9891.0,11750.0,12977.0,0.285718412,0.339418799,0.374862788
State,Non-Low Income,7th Grade,English Language Arts,55.0,34720.0,9587.0,11912.0,13221.0,0.276123272,0.343087558,0.380789171
State,Non-Low Income,8th Grade,Math,54.0,36350.0,10512.0,12305.0,13533.0,0.289188446,0.338514443,0.372297111
State,Non-Low Income,8th Grade,English Language Arts,54.0,36520.0,10301.0,12432.0,13787.0,0.282064622,0.34041621,0.377519168
State,Non-Low Income,All Grades,Math,54.0,174618.0,49847.0,59282.0,65489.0,0.285463125,0.339495356,0.375041519
State,Non-Low Income,All Grades,English Language Arts,55.0,174911.0,48674.0,59516.0,66721.0,0.278278667,0.340264477,0.381456855
State,Migrant,4th Grade,Math,44.0,1442.0,534.0,494.0,414.0,0.370319001,0.34257975,0.287101248
State,Migrant,4th Grade,English Language Arts,42.0,1441.0,581.0,480.0,380.0,0.403192228,0.333102012,0.26370576
State,Migrant,5th Grade,Math,43.0,1542.0,582.0,560.0,400.0,0.377431907,0.363164721,0.259403372
State,Migrant,5th Grade,English Language Arts,40.0,1546.0,626.0,558.0,362.0,0.404915912,0.360931436,0.234152652
State,Migrant,6th Grade,Math,45.0,1610.0,589.0,570.0,451.0,0.365838509,0.354037267,0.280124224
State,Migrant,6th Grade,English Language Arts,43.0,1617.0,617.0,569.0,431.0,0.38157081,0.351886209,0.266542981
State,Migrant,7th Grade,Math,43.0,1704.0,664.0,581.0,459.0,0.389671362,0.340962441,0.269366197
State,Migrant,7th Grade,English Language Arts,42.0,1704.0,688.0,564.0,452.0,0.403755869,0.330985915,0.265258216
State,Migrant,8th Grade,Math,44.0,1742.0,658.0,601.0,483.0,0.377726751,0.345005741,0.277267509
State,Migrant,8th Grade,English Language Arts,42.0,1749.0,683.0,619.0,447.0,0.390508862,0.353916524,0.255574614
State,Migrant,AddedRow,English Language Arts,,,,,,,,
State,Migrant,AddedRow,Math,,,,,,,,
State,Migrant,All Grades,Math,44.0,8040.0,3027.0,2806.0,2207.0,0.376492537,0.349004975,0.274502488
State,Migrant,All Grades,English Language Arts,42.0,8057.0,3195.0,2790.0,2072.0,0.396549584,0.346282736,0.25716768
State,Non Migrant,4th Grade,Math,50.0,70070.0,22710.0,23813.0,23547.0,0.324104467,0.339845868,0.336049665
State,Non Migrant,4th Grade,English Language Arts,50.0,70218.0,22717.0,23878.0,23623.0,0.323521034,0.340055256,0.336423709
State,Non Migrant,5th Grade,Math,50.0,69432.0,22476.0,23576.0,23380.0,0.323712409,0.339555248,0.336732342
State,Non Migrant,5th Grade,English Language Arts,50.0,69554.0,22481.0,23607.0,23466.0,0.323216494,0.339405354,0.337378152
State,Non Migrant,6th Grade,Math,50.0,69023.0,22365.0,23458.0,23200.0,0.324022427,0.339857729,0.336119844
State,Non Migrant,6th Grade,English Language Arts,50.0,69237.0,22403.0,23519.0,23315.0,0.323569768,0.339688317,0.336741915
State,Non Migrant,7th Grade,Math,50.0,68332.0,22093.0,23234.0,23005.0,0.323318504,0.340016391,0.336665106
State,Non Migrant,7th Grade,English Language Arts,50.0,68690.0,22187.0,23365.0,23138.0,0.323001893,0.340151405,0.336846703
State,Non Migrant,8th Grade,Math,50.0,69645.0,22539.0,23679.0,23427.0,0.323626965,0.339995692,0.336377342
State,Non Migrant,8th Grade,English Language Arts,50.0,70172.0,22706.0,23834.0,23632.0,0.323576355,0.339651143,0.336772502
State,Non Migrant,AddedRow,English Language Arts,,,,,,,,
State,Non Migrant,AddedRow,Math,,,,,,,,
State,Non Migrant,All Grades,Math,50.0,346502.0,112183.0,117760.0,116559.0,0.323758593,0.339853738,0.336387669
State,Non Migrant,All Grades,English Language Arts,50.0,347871.0,112494.0,118203.0,117174.0,0.323378494,0.33978975,0.336831757
State,Military Parent,4th Grade,Math,52.0,1951.0,580.0,678.0,693.0,0.297283444,0.347514095,0.35520246
State,Military Parent,4th Grade,English Language Arts,54.0,1953.0,550.0,684.0,719.0,0.281618024,0.350230415,0.368151562
State,Military Parent,5th Grade,Math,50.0,1808.0,590.0,611.0,607.0,0.326327434,0.337942478,0.335730088
State,Military Parent,5th Grade,English Language Arts,52.0,1807.0,543.0,638.0,626.0,0.300498063,0.353071389,0.346430548
State,Military Parent,6th Grade,Math,48.0,1686.0,583.0,567.0,536.0,0.345788849,0.336298932,0.317912218
State,Military Parent,6th Grade,English Language Arts,52.0,1690.0,532.0,591.0,567.0,0.314792899,0.349704142,0.335502959
State,Military Parent,7th Grade,Math,51.0,1598.0,487.0,543.0,568.0,0.304755945,0.33979975,0.355444305
State,Military Parent,7th Grade,English Language Arts,52.0,1604.0,478.0,551.0,575.0,0.298004988,0.343516209,0.358478803
State,Military Parent,8th Grade,Math,52.0,1464.0,443.0,504.0,517.0,0.302595628,0.344262295,0.353142077
State,Military Parent,8th Grade,English Language Arts,54.0,1475.0,418.0,503.0,554.0,0.283389831,0.341016949,0.37559322
State,Military Parent,All Grades,Math,51.0,8507.0,2683.0,2903.0,2921.0,0.315387328,0.341248384,0.343364288
State,Military Parent,All Grades,English Language Arts,53.0,8529.0,2521.0,2967.0,3041.0,0.295579787,0.347871966,0.356548247
State,Non Military Parent,4th Grade,Math,50.0,69561.0,22664.0,23629.0,23268.0,0.325814753,0.339687469,0.334497779
State,Non Military Parent,4th Grade,English Language Arts,50.0,69706.0,22748.0,23674.0,23284.0,0.326342065,0.339626431,0.334031504
State,Non Military Parent,5th Grade,Math,50.0,69166.0,22468.0,23525.0,23173.0,0.324841685,0.34012376,0.335034555
State,Non Military Parent,5th Grade,English Language Arts,50.0,69293.0,22564.0,23527.0,23202.0,0.325631738,0.339529245,0.334839017
State,Non Military Parent,6th Grade,Math,50.0,68947.0,22371.0,23461.0,23115.0,0.324466619,0.340275864,0.335257517
State,Non Military Parent,6th Grade,English Language Arts,50.0,69164.0,22488.0,23497.0,23179.0,0.325140246,0.339728761,0.335130993
State,Non Military Parent,7th Grade,Math,50.0,68438.0,22270.0,23272.0,22896.0,0.325404015,0.340045004,0.33455098
State,Non Military Parent,7th Grade,English Language Arts,50.0,68790.0,22397.0,23378.0,23015.0,0.325585114,0.339845908,0.334568978
State,Non Military Parent,8th Grade,Math,50.0,69923.0,22754.0,23776.0,23393.0,0.325415099,0.340031177,0.334553723
State,Non Military Parent,8th Grade,English Language Arts,50.0,70446.0,22971.0,23950.0,23525.0,0.32607955,0.33997672,0.33394373
State,Non Military Parent,All Grades,Math,50.0,346035.0,112527.0,117663.0,115845.0,0.325189648,0.340032078,0.334778274
State,Non Military Parent,All Grades,English Language Arts,50.0,347399.0,113168.0,118026.0,116205.0,0.32575799,0.339741911,0.334500099
State,American Indian/ Alaskan Native,4th Grade,Math,40.5,888.0,382.0,272.0,234.0,0.43018018,0.306306306,0.263513514
State,American Indian/ Alaskan Native,4th Grade,English Language Arts,40.0,890.0,372.0,299.0,219.0,0.417977528,0.335955056,0.246067416
State,American Indian/ Alaskan Native,5th Grade,Math,40.0,,,,,0.434194342,0.30504305,0.260762608
State,American Indian/ Alaskan Native,5th Grade,English Language Arts,40.0,,,,,0.413834951,0.327669903,0.258495146
State,American Indian/ Alaskan Native,6th Grade,Math,42.0,,,,,0.401629802,0.338766007,0.259604191
State,American Indian/ Alaskan Native,6th Grade,English Language Arts,41.5,,,,,0.403488372,0.325581395,0.270930233
State,American Indian/ Alaskan Native,7th Grade,Math,41.0,,,,,0.405506884,0.34543179,0.249061327
State,American Indian/ Alaskan Native,7th Grade,English Language Arts,40.5,,,,,0.410579345,0.35138539,0.238035264
State,American Indian/ Alaskan Native,8th Grade,Math,41.0,829.0,331.0,292.0,206.0,0.399276236,0.352231604,0.248492159
State,American Indian/ Alaskan Native,8th Grade,English Language Arts,45.0,824.0,314.0,297.0,213.0,0.381067961,0.360436893,0.258495146
State,American Indian/ Alaskan Native,All Grades,Math,41.0,4188.0,1735.0,1379.0,1074.0,0.414278892,0.329274117,0.256446991
State,American Indian/ Alaskan Native,All Grades,English Language Arts,42.0,4192.0,1700.0,1425.0,1067.0,0.405534351,0.339933206,0.254532443
State,Asian,4th Grade,Math,61.0,6524.0,1487.0,2137.0,2900.0,0.227927652,0.327559779,0.444512569
State,Asian,4th Grade,English Language Arts,59.0,6513.0,1612.0,2195.0,2706.0,0.24750499,0.337018271,0.415476739
State,Asian,5th Grade,Math,60.0,6418.0,1516.0,2119.0,2783.0,0.236210658,0.33016516,0.433624182
State,Asian,5th Grade,English Language Arts,59.0,6414.0,1564.0,2152.0,2698.0,0.243841597,0.335516059,0.420642345
State,Asian,6th Grade,Math,61.0,6236.0,1426.0,2039.0,2771.0,0.228672226,0.326972418,0.444355356
State,Asian,6th Grade,English Language Arts,60.0,6238.0,1475.0,2090.0,2673.0,0.236453992,0.335043283,0.428502725
State,Asian,7th Grade,Math,60.0,6208.0,1533.0,2006.0,2669.0,0.246939433,0.323131443,0.429929124
State,Asian,7th Grade,English Language Arts,61.0,6214.0,1473.0,2049.0,2692.0,0.237045381,0.329739298,0.43321532
State,Asian,8th Grade,Math,58.0,6346.0,1599.0,2145.0,2602.0,0.251969745,0.338008194,0.410022061
State,Asian,8th Grade,English Language Arts,59.0,6355.0,1564.0,2104.0,2687.0,0.246105429,0.331077891,0.42281668
State,Asian,All Grades,Math,60.0,31732.0,7561.0,10446.0,13725.0,0.238276818,0.329194504,0.432528678
State,Asian,All Grades,English Language Arts,59.0,31734.0,7688.0,10590.0,13456.0,0.242263818,0.333711477,0.424024705
State,Black/ African American,4th Grade,Math,45.0,3150.0,1160.0,1092.0,898.0,0.368253968,0.346666667,0.285079365
State,Black/ African American,4th Grade,English Language Arts,46.0,3179.0,1177.0,1076.0,926.0,0.370242215,0.338471217,0.291286568
State,Black/ African American,5th Grade,Math,46.0,3043.0,1098.0,1061.0,884.0,0.36082813,0.348669077,0.290502793
State,Black/ African American,5th Grade,English Language Arts,48.0,3050.0,1070.0,1026.0,954.0,0.350819672,0.336393443,0.312786885
State,Black/ African American,6th Grade,Math,43.0,3207.0,1270.0,1033.0,904.0,0.396008731,0.322107889,0.28188338
State,Black/ African American,6th Grade,English Language Arts,43.0,3234.0,1243.0,1081.0,910.0,0.384353741,0.334260977,0.281385281
State,Black/ African American,7th Grade,Math,45.0,2896.0,1069.0,979.0,848.0,0.369129834,0.338052486,0.29281768
State,Black/ African American,7th Grade,English Language Arts,45.0,2922.0,1075.0,1004.0,843.0,0.3678987,0.343600274,0.288501027
State,Black/ African American,8th Grade,Math,44.0,3063.0,1171.0,1009.0,883.0,0.38230493,0.329415606,0.288279465
State,Black/ African American,8th Grade,English Language Arts,46.0,3097.0,1120.0,992.0,985.0,0.361640297,0.320309977,0.318049726
State,Black/ African American,All Grades,Math,45.0,15359.0,5768.0,5174.0,4417.0,0.375545283,0.33687089,0.287583827
State,Black/ African American,All Grades,English Language Arts,46.0,15482.0,5685.0,5179.0,4618.0,0.36720062,0.334517504,0.298281876
State,Hispanic/ Latino of any race(s),4th Grade,Math,45.0,17987.0,6613.0,6166.0,5208.0,0.367654417,0.342803136,0.289542447
State,Hispanic/ Latino of any race(s),4th Grade,English Language Arts,45.0,18020.0,6669.0,6230.0,5121.0,0.37008879,0.34572697,0.28418424
State,Hispanic/ Latino of any race(s),5th Grade,Math,46.0,18147.0,6505.0,6155.0,5487.0,0.358461454,0.339174519,0.302364027
State,Hispanic/ Latino of any race(s),5th Grade,English Language Arts,44.0,18176.0,6742.0,6305.0,5129.0,0.370928697,0.346886004,0.282185299
State,Hispanic/ Latino of any race(s),6th Grade,Math,45.0,18423.0,6843.0,6239.0,5341.0,0.371437877,0.338652771,0.289909352
State,Hispanic/ Latino of any race(s),6th Grade,English Language Arts,45.0,18439.0,6691.0,6390.0,5358.0,0.362872173,0.346548077,0.290579749
State,Hispanic/ Latino of any race(s),7th Grade,Math,45.0,18291.0,6827.0,6201.0,5263.0,0.373243672,0.33901919,0.287737138
State,Hispanic/ Latino of any race(s),7th Grade,English Language Arts,45.0,18384.0,6837.0,6256.0,5291.0,0.371899478,0.340295909,0.287804613
State,Hispanic/ Latino of any race(s),8th Grade,Math,45.0,18870.0,6860.0,6576.0,5434.0,0.363540011,0.348489666,0.287970323
State,Hispanic/ Latino of any race(s),8th Grade,English Language Arts,44.0,19037.0,7109.0,6538.0,5390.0,0.373430688,0.343436466,0.283132847
State,Hispanic/ Latino of any race(s),All Grades,Math,45.0,91718.0,33648.0,31337.0,26733.0,0.366863647,0.341666848,0.291469504
State,Hispanic/ Latino of any race(s),All Grades,English Language Arts,45.0,92056.0,34048.0,31719.0,26289.0,0.369861823,0.344562006,0.285576171
State,Native Hawaiian/ Other Pacific Islander,4th Grade,Math,45.0,943.0,336.0,332.0,275.0,0.35630965,0.352067869,0.291622481
State,Native Hawaiian/ Other Pacific Islander,4th Grade,English Language Arts,41.0,955.0,385.0,323.0,247.0,0.403141361,0.338219895,0.258638743
State,Native Hawaiian/ Other Pacific Islander,5th Grade,Math,49.0,961.0,302.0,358.0,301.0,0.314255983,0.372528616,0.313215401
State,Native Hawaiian/ Other Pacific Islander,5th Grade,English Language Arts,47.5,962.0,328.0,339.0,295.0,0.340956341,0.352390852,0.306652807
State,Native Hawaiian/ Other Pacific Islander,6th Grade,Math,37.0,909.0,397.0,302.0,210.0,0.436743674,0.332233223,0.231023102
State,Native Hawaiian/ Other Pacific Islander,6th Grade,English Language Arts,40.0,911.0,384.0,302.0,225.0,0.421514819,0.331503842,0.246981339
State,Native Hawaiian/ Other Pacific Islander,7th Grade,Math,41.0,877.0,361.0,317.0,199.0,0.411630559,0.361459521,0.22690992
State,Native Hawaiian/ Other Pacific Islander,7th Grade,English Language Arts,42.0,876.0,352.0,293.0,231.0,0.401826484,0.334474886,0.26369863
State,Native Hawaiian/ Other Pacific Islander,8th Grade,Math,40.0,886.0,365.0,290.0,231.0,0.411963883,0.32731377,0.260722348
State,Native Hawaiian/ Other Pacific Islander,8th Grade,English Language Arts,44.0,899.0,344.0,312.0,243.0,0.382647386,0.34705228,0.270300334
State,Native Hawaiian/ Other Pacific Islander,All Grades,Math,42.0,4576.0,1761.0,1599.0,1216.0,0.384833916,0.349431818,0.265734266
State,Native Hawaiian/ Other Pacific Islander,All Grades,English Language Arts,43.0,4603.0,1793.0,1569.0,1241.0,0.389528568,0.340864653,0.269606778
State,Two or More Races,4th Grade,Math,51.0,6799.0,2145.0,2340.0,2314.0,0.315487572,0.34416826,0.340344168
State,Two or More Races,4th Grade,English Language Arts,51.0,6823.0,2140.0,2293.0,2390.0,0.313645024,0.336069178,0.350285798
State,Two or More Races,5th Grade,Math,50.0,6863.0,2192.0,2397.0,2274.0,0.319393851,0.34926417,0.331341979
State,Two or More Races,5th Grade,English Language Arts,52.0,6887.0,2203.0,2281.0,2403.0,0.319878031,0.331203717,0.348918252
State,Two or More Races,6th Grade,Math,50.0,6492.0,2123.0,2217.0,2152.0,0.327017868,0.341497227,0.331484904
State,Two or More Races,6th Grade,English Language Arts,50.0,6550.0,2158.0,2193.0,2199.0,0.329465649,0.33480916,0.335725191
State,Two or More Races,7th Grade,Math,51.0,6382.0,1984.0,2219.0,2179.0,0.310874334,0.347696647,0.341429019
State,Two or More Races,7th Grade,English Language Arts,51.0,6428.0,2082.0,2153.0,2193.0,0.323895457,0.334940884,0.341163659
State,Two or More Races,8th Grade,Math,50.0,6421.0,2068.0,2215.0,2138.0,0.322068214,0.344961844,0.332969942
State,Two or More Races,8th Grade,English Language Arts,51.0,6498.0,2074.0,2221.0,2203.0,0.319175131,0.341797476,0.339027393
State,Two or More Races,All Grades,Math,51.0,32957.0,10512.0,11388.0,11057.0,0.31896107,0.34554116,0.33549777
State,Two or More Races,All Grades,English Language Arts,51.0,33186.0,10657.0,11141.0,11388.0,0.321129392,0.335713855,0.343156753
State,White,4th Grade,Math,51.0,35209.0,11118.0,11962.0,12129.0,0.315771536,0.339742679,0.344485785
State,White,4th Grade,English Language Arts,52.0,35267.0,10939.0,11936.0,12392.0,0.310176652,0.338446707,0.351376641
State,White,5th Grade,Math,51.0,34722.0,11088.0,11795.0,11839.0,0.319336444,0.339698174,0.340965382
State,White,5th Grade,English Language Arts,51.0,34780.0,10853.0,11791.0,12136.0,0.312047154,0.339016676,0.34893617
State,White,6th Grade,Math,52.0,34504.0,10550.0,11907.0,12047.0,0.305761651,0.345090424,0.349147925
State,White,6th Grade,English Language Arts,52.0,34619.0,10722.0,11751.0,12146.0,0.309714319,0.339437881,0.3508478
State,White,7th Grade,Math,52.0,34581.0,10658.0,11817.0,12106.0,0.308203927,0.341719441,0.350076632
State,White,7th Grade,English Language Arts,52.0,34774.0,10730.0,11893.0,12151.0,0.30856387,0.342008397,0.349427733
State,White,8th Grade,Math,52.0,34972.0,10803.0,11753.0,12416.0,0.308904266,0.336068855,0.355026879
State,White,8th Grade,English Language Arts,52.0,35211.0,10864.0,11989.0,12358.0,0.308539945,0.340490188,0.350969867
State,White,All Grades,Math,51.0,173988.0,54217.0,59234.0,60537.0,0.311613445,0.340448767,0.347937789
State,White,All Grades,English Language Arts,52.0,174651.0,54108.0,59360.0,61183.0,0.309806414,0.339877813,0.350315773
State,Non Section 504,4th Grade,Math,50.0,68310.0,22297.0,23195.0,22818.0,0.326409018,0.33955497,0.334036012
State,Non Section 504,4th Grade,English Language Arts,50.0,68446.0,22289.0,23280.0,22877.0,0.325643573,0.34012214,0.334234287
State,Non Section 504,5th Grade,Math,50.0,67136.0,21791.0,22849.0,22496.0,0.324579957,0.340339013,0.33508103
State,Non Section 504,5th Grade,English Language Arts,50.0,67249.0,21878.0,22878.0,22493.0,0.325328258,0.340198367,0.334473375
State,Non Section 504,6th Grade,Math,50.0,66479.0,21640.0,22621.0,22218.0,0.325516328,0.340272868,0.334210803
State,Non Section 504,6th Grade,English Language Arts,50.0,66680.0,21616.0,22682.0,22382.0,0.324175165,0.340161968,0.335662867
State,Non Section 504,7th Grade,Math,50.0,65649.0,21393.0,22351.0,21905.0,0.325869396,0.340462155,0.333668449
State,Non Section 504,7th Grade,English Language Arts,50.0,65981.0,21441.0,22458.0,22082.0,0.324957185,0.340370713,0.334672103
State,Non Section 504,8th Grade,Math,50.0,66789.0,21688.0,22753.0,22348.0,0.324724131,0.340669871,0.334605998
State,Non Section 504,8th Grade,English Language Arts,50.0,67259.0,21864.0,22945.0,22450.0,0.325071738,0.341143936,0.333784326
State,Non Section 504,All Grades,Math,50.0,334363.0,108809.0,113769.0,111785.0,0.325421772,0.340255949,0.334322278
State,Non Section 504,All Grades,English Language Arts,50.0,335615.0,109088.0,114243.0,112284.0,0.325039107,0.340398969,0.334561924
State,Section 504,4th Grade,Math,53.0,3202.0,947.0,1112.0,1143.0,0.295752655,0.347282948,0.356964397
State,Section 504,4th Grade,English Language Arts,52.0,3213.0,1009.0,1078.0,1126.0,0.314036726,0.335511983,0.350451292
State,Section 504,5th Grade,Math,50.0,3838.0,1267.0,1287.0,1284.0,0.330119854,0.335330902,0.334549244
State,Section 504,5th Grade,English Language Arts,51.0,3851.0,1229.0,1287.0,1335.0,0.319137886,0.334198909,0.346663204
State,Section 504,6th Grade,Math,51.0,4154.0,1314.0,1407.0,1433.0,0.316321618,0.338709677,0.344968705
State,Section 504,6th Grade,English Language Arts,49.0,4174.0,1404.0,1406.0,1364.0,0.336367992,0.336847149,0.326784859
State,Section 504,7th Grade,Math,53.0,4387.0,1364.0,1464.0,1559.0,0.310918623,0.333713244,0.355368133
State,Section 504,7th Grade,English Language Arts,51.0,4413.0,1434.0,1471.0,1508.0,0.324949014,0.333333333,0.341717652
State,Section 504,8th Grade,Math,50.0,4598.0,1509.0,1527.0,1562.0,0.328186168,0.332100913,0.339712919
State,Section 504,8th Grade,English Language Arts,51.0,4662.0,1525.0,1508.0,1629.0,0.327112827,0.323466323,0.349420849
State,Section 504,All Grades,Math,51.0,20179.0,6401.0,6797.0,6981.0,0.317210962,0.336835324,0.345953714
State,Section 504,All Grades,English Language Arts,51.0,20313.0,6601.0,6750.0,6962.0,0.324964309,0.332299513,0.342736179
State,Students with Disabilities,4th Grade,Math,42.0,10970.0,4379.0,3561.0,3030.0,0.399179581,0.32461258,0.27620784
State,Students with Disabilities,4th Grade,English Language Arts,40.0,11032.0,4687.0,3494.0,2851.0,0.424854967,0.316715011,0.258430022
State,Students with Disabilities,5th Grade,Math,42.0,10194.0,4141.0,3361.0,2692.0,0.406219345,0.329703747,0.264076908
State,Students with Disabilities,5th Grade,English Language Arts,39.0,10257.0,4426.0,3348.0,2483.0,0.431510188,0.326411231,0.24207858
State,Students with Disabilities,6th Grade,Math,38.0,9441.0,4146.0,3064.0,2231.0,0.439148395,0.324541892,0.236309713
State,Students with Disabilities,6th Grade,English Language Arts,37.0,9524.0,4285.0,3096.0,2143.0,0.449916002,0.325073499,0.2250105
State,Students with Disabilities,7th Grade,Math,41.0,8679.0,3523.0,2869.0,2287.0,0.405922341,0.330568038,0.263509621
State,Students with Disabilities,7th Grade,English Language Arts,38.0,8794.0,3804.0,2945.0,2045.0,0.43256766,0.334887423,0.232544917
State,Students with Disabilities,8th Grade,Math,40.0,8561.0,3566.0,2907.0,2088.0,0.416540124,0.339563135,0.243896741
State,Students with Disabilities,8th Grade,English Language Arts,40.0,8688.0,3637.0,2928.0,2123.0,0.418623389,0.337016575,0.244360037
State,Students with Disabilities,All Grades,Math,41.0,47845.0,19755.0,15762.0,12328.0,0.412895809,0.329438813,0.257665378
State,Students with Disabilities,All Grades,English Language Arts,39.0,48295.0,20839.0,15811.0,11645.0,0.431493943,0.327383787,0.241122269
State,Students without Disabilities,4th Grade,Math,51.0,60542.0,18865.0,20746.0,20931.0,0.311601863,0.342671203,0.345726933
State,Students without Disabilities,4th Grade,English Language Arts,52.0,60627.0,18611.0,20864.0,21152.0,0.30697544,0.344137101,0.348887459
State,Students without Disabilities,5th Grade,Math,51.0,60780.0,18917.0,20775.0,21088.0,0.311237249,0.341806515,0.346956236
State,Students without Disabilities,5th Grade,English Language Arts,52.0,60843.0,18681.0,20817.0,21345.0,0.307036142,0.342142892,0.350820965
State,Students without Disabilities,6th Grade,Math,52.0,61192.0,18808.0,20964.0,21420.0,0.307360439,0.342593803,0.350045758
State,Students without Disabilities,6th Grade,English Language Arts,52.0,61330.0,18735.0,20992.0,21603.0,0.305478559,0.342279472,0.35224197
State,Students without Disabilities,7th Grade,Math,51.0,61357.0,19234.0,20946.0,21177.0,0.313476865,0.341379142,0.345143993
State,Students without Disabilities,7th Grade,English Language Arts,52.0,61600.0,19071.0,20984.0,21545.0,0.309594156,0.340649351,0.349756494
State,Students without Disabilities,8th Grade,Math,51.0,62826.0,19631.0,21373.0,21822.0,0.312466176,0.34019355,0.347340273
State,Students without Disabilities,8th Grade,English Language Arts,51.0,63233.0,19752.0,21525.0,21956.0,0.312368542,0.340407699,0.34722376
State,Students without Disabilities,All Grades,Math,51.0,306697.0,95455.0,104804.0,106438.0,0.311235519,0.341718374,0.347046107
State,Students without Disabilities,All Grades,English Language Arts,52.0,307633.0,94850.0,105182.0,107601.0,0.308321929,0.341907403,0.349770668
